A>C:AAT	111
A>G:AAT	436
A>T:AAT	79
C>A:ACT	166
C>G:ACT	19
C>T:ACT	3361
G>A:AGT	293
G>C:AGT	69
G>T:AGT	1153
T>A:ATT	36
T>C:ATT	548
T>G:ATT	63
A>C:AAG	110
A>G:AAG	574
A>T:AAG	44
C>A:ACG	45
C>G:ACG	12
C>T:ACG	947
G>A:AGG	403
G>C:AGG	23
G>T:AGG	569
T>A:ATG	129
T>C:ATG	591
T>G:ATG	31
A>C:AAC	39
A>G:AAC	287
A>T:AAC	50
C>A:ACC	91
C>G:ACC	10
C>T:ACC	1410
G>A:AGC	251
G>C:AGC	16
G>T:AGC	556
T>A:ATC	15
T>C:ATC	555
T>G:ATC	54
A>C:AAA	108
A>G:AAA	447
A>T:AAA	94
C>A:ACA	239
C>G:ACA	23
C>T:ACA	4001
G>A:AGA	391
G>C:AGA	206
G>T:AGA	976
T>A:ATA	31
T>C:ATA	591
T>G:ATA	22
A>C:TAT	31
A>G:TAT	496
A>T:TAT	58
C>A:TCT	113
C>G:TCT	25
C>T:TCT	3055
G>A:TGT	448
G>C:TGT	93
G>T:TGT	1716
T>A:TTT	50
T>C:TTT	386
T>G:TTT	81
A>C:TAA	19
A>G:TAA	186
A>T:TAA	57
C>A:TCA	74
C>G:TCA	25
C>T:TCA	2690
G>A:TGA	272
G>C:TGA	178
G>T:TGA	873
T>A:TTA	70
T>C:TTA	290
T>G:TTA	37
A>C:TAG	21
A>G:TAG	348
A>T:TAG	55
C>A:TCG	27
C>G:TCG	10
C>T:TCG	931
G>A:TGG	318
G>C:TGG	38
G>T:TGG	734
T>A:TTG	114
T>C:TTG	282
T>G:TTG	41
A>C:TAC	5
A>G:TAC	219
A>T:TAC	18
C>A:TCC	29
C>G:TCC	11
C>T:TCC	957
G>A:TGC	217
G>C:TGC	21
G>T:TGC	1022
T>A:TTC	40
T>C:TTC	235
T>G:TTC	62
A>C:CAA	40
A>G:CAA	243
A>T:CAA	207
C>A:CCA	122
C>G:CCA	22
C>T:CCA	1322
G>A:CGA	106
G>C:CGA	58
G>T:CGA	236
T>A:CTA	44
T>C:CTA	233
T>G:CTA	15
A>C:CAG	37
A>G:CAG	263
A>T:CAG	175
C>A:CCG	30
C>G:CCG	2
C>T:CCG	437
G>A:CGG	147
G>C:CGG	3
G>T:CGG	213
T>A:CTG	118
T>C:CTG	232
T>G:CTG	53
A>C:CAT	64
A>G:CAT	265
A>T:CAT	77
C>A:CCT	150
C>G:CCT	16
C>T:CCT	1206
G>A:CGT	238
G>C:CGT	40
G>T:CGT	489
T>A:CTT	50
T>C:CTT	273
T>G:CTT	83
A>C:CAC	15
A>G:CAC	195
A>T:CAC	39
C>A:CCC	28
C>G:CCC	8
C>T:CCC	567
G>A:CGC	188
G>C:CGC	17
G>T:CGC	278
T>A:CTC	34
T>C:CTC	168
T>G:CTC	36
A>C:GAA	67
A>G:GAA	186
A>T:GAA	56
C>A:GCA	31
C>G:GCA	13
C>T:GCA	1152
G>A:GGA	183
G>C:GGA	26
G>T:GGA	337
T>A:GTA	12
T>C:GTA	136
T>G:GTA	9
A>C:GAC	25
A>G:GAC	131
A>T:GAC	17
C>A:GCC	27
C>G:GCC	1
C>T:GCC	553
G>A:GGC	159
G>C:GGC	10
G>T:GGC	257
T>A:GTC	5
T>C:GTC	130
T>G:GTC	21
A>C:GAT	67
A>G:GAT	364
A>T:GAT	39
C>A:GCT	54
C>G:GCT	23
C>T:GCT	2028
G>A:GGT	168
G>C:GGT	11
G>T:GGT	392
T>A:GTT	4
T>C:GTT	233
T>G:GTT	69
A>C:GAG	57
A>G:GAG	137
A>T:GAG	34
C>A:GCG	14
C>G:GCG	1
C>T:GCG	398
G>A:GGG	142
G>C:GGG	9
G>T:GGG	72
T>A:GTG	18
T>C:GTG	211
T>G:GTG	29
